h,t
-0.002273360428209413,-10.0
-0.0011423321832760326,-9.99
4.622647018461433e-6,-9.98
0.0011630861139278832,-9.97
0.002328549931428406,-9.96
0.0034964325629146917,-9.95
0.004662096771995728,-9.94
0.005820867572003894,-9.93
0.006968050506576617,-9.92
0.008098950191673393,-9.91
0.009208889047645738,-9.9
0.010293226148503434,-9.89
0.011347376114315966,-9.88
0.012366827971778401,-9.87
0.013347163907336321,-9.86
0.014284077836943182,-9.85
0.01517339371648116,-9.84
0.01601108351715894,-9.83
0.016793284790768248,-9.82
0.017516317750567525,-9.81
0.018176701794747823,-9.8
0.01877117140092475,-9.79
0.019296691321893666,-9.78
0.019750471014973695,-9.77
0.02012997823964219,-9.76
0.020432951760827617,-9.75
0.020657413098167716,-9.74
0.020801677264748457,-9.73
0.02086436244230418,-9.72
0.020844398543572645,-9.71
0.020741034616444123,-9.7
0.020553845048711415,-9.69
0.0202827345366001,-9.68
0.019927941784824127,-9.67
0.01949004191064844,-9.66
0.018969947529339615,-9.65
0.018368908503417925,-9.64
0.017688510343284232,-9.63
0.016930671252050836,-9.62
0.016097637812746007,-9.61
0.015191979321460998,-9.6
0.014216580775452235,-9.59
0.013174634530666928,-9.58
0.01206963064861738,-9.57
0.010905345957963724,-9.56
0.009685831861546972,-9.55
0.008415400924929794,-9.54
0.0070986122877346874,-9.53
0.005740255944171658,-9.52
0.004345335944141752,-9.51
0.002919052571112935,-9.5
0.0014667835576267444,-9.49
-5.935596263993455e-6,-9.48
-0.0014934321320800566,-9.47
-0.002989917295980651,-9.46
-0.004489508278517205,-9.45
-0.005986250750300303,-9.44
-0.00747414190962654,-9.43
-0.008947153955208348,-9.42
-0.010399257894596612,-9.41
-0.01182444759663457,-9.4
-0.013216763994393204,-9.39
-0.014570319343497009,-9.38
-0.01587932143956831,-9.37
-0.017138097697717167,-9.36
-0.018341118996581033,-9.35
-0.019483023189371822,-9.34
-0.02055863818474229,-9.33
-0.02156300450102206,-9.32
-0.02249139719850739,-9.31
-0.023339347096009933,-9.3
-0.024102661179789448,-9.29
-0.024777442115289205,-9.28
-0.025360106774780775,-9.27
-0.02584740369707175,-9.26
-0.026236429398857185,-9.25
-0.02652464346106562,-9.24
-0.02670988231767256,-9.23
-0.026790371678903694,-9.22
-0.02676473752551621,-9.21
-0.026632015615914526,-9.2
-0.026391659453206918,-9.19
-0.026043546664924824,-9.18
-0.02558798375398782,-9.17
-0.025025709185581953,-9.16
-0.024357894780904932,-9.15
-0.023586145395200146,-9.14
-0.02271249686412102,-9.13
-0.021739412209217806,-9.12
-0.020669776100199603,-9.11
-0.01950688757855044,-9.1
-0.018254451054075072,-9.09
-0.01691656559294823,-9.08
-0.015497712522857983,-9.07
-0.014002741387798445,-9.06
-0.012436854291990162,-9.05
-0.01080558867922729,-9.04
-0.009114798600663157,-9.03
-0.007370634530609404,-9.02
-0.005579521796324733,-9.01
-0.0037481376939568186,-9.0
-0.0018833873687725195,-8.99
7.621456466268418e-6,-8.98
0.0019176048156888455,-8.97
0.0038391298018333286,-8.96
0.005764642738046007,-8.95
0.007686498114051753,-8.94
0.009596988179891422,-8.93
0.011488373085505665,-8.92
0.013352911451352797,-8.91
0.015182891252370965,-8.9
0.01697066089516436,-8.89
0.018708660366307295,-8.88
0.02038945232816037,-8.87
0.022005753037546417,-8.86
0.02355046296210449,-8.85
0.025016696969070152,-8.84
0.02639781396169616,-8.83
0.027687445839464555,-8.82
0.028879525659702896,-8.81
0.029968314880173926,-8.8
0.030948429564662545,-8.79
0.031814865436540656,-8.78
0.032563021668733476,-8.77
0.033188723302428794,-8.76
0.03368824219126613,-8.75
0.03405831637258855,-8.74
0.034296167772630046,-8.73
0.03439951815822378,-8.72
0.034366603253739,-8.71
0.03419618494845911,-8.7
0.03388756152648502,-8.69
0.033440575858456695,-8.68
0.032855621501913415,-8.67
0.032133646664923056,-8.66
0.03127615599568756,-8.65
0.03028521016912959,-8.64
0.029163423249971936,-8.63
0.027913957820487386,-8.62
0.02654051786990103,-8.61
0.025047339451329257,-8.6
0.02343917912111463,-8.59
0.02172130018441097,-8.58
0.01989945677986966,-8.57
0.017979875845238465,-8.56
0.01596923701455752,-8.55
0.013874650506401291,-8.54
0.011703633071241483,-8.53
0.00946408207441867,-8.52
0.007164247799444341,-8.51
0.004812704064286075,-8.5
0.002418317250972431,-8.49
-9.786143814724626e-6,-8.48
-0.0024622533225074246,-8.47
-0.004929540243517501,-8.46
-0.007401947793775621,-8.45
-0.009869658943764702,-8.44
-0.012322776746632546,-8.43
-0.014751363038180771,-8.42
-0.017145477690317656,-8.41
-0.01949521826685042,-8.4
-0.021790759927379656,-8.39
-0.02402239542251704,-8.38
-0.026180575021700844,-8.37
-0.028255946213563175,-8.36
-0.03023939301810534,-8.35
-0.03212207474986116,-8.34
-0.03389546407181247,-8.33
-0.035551384181037676,-8.32
-0.0370820449689444,-8.31
-0.03848007800144484,-8.3
-0.039738570167597104,-8.29
-0.04085109584901849,-8.28
-0.041811747466807485,-8.27
-0.042615164267735324,-8.26
-0.04325655921711802,-8.25
-0.04373174387199595,-8.24
-0.04403715111504398,-8.23
-0.04416985563697082,-8.22
-0.04412759206302449,-8.21
-0.04390877062757626,-8.2
-0.043512490309576365,-8.19
-0.04293854935093294,-8.18
-0.04218745308952903,-8.17
-0.04126041904862455,-8.16
-0.04015937923475361,-8.15
-0.038886979606892365,-8.14
-0.03744657669058628,-8.13
-0.03584223132185546,-8.12
-0.03407869951700824,-8.11
-0.032161420475912236,-8.1
-0.03009650173780796,-8.09
-0.027890701520287685,-8.08
-0.02555140828363171,-8.07
-0.02308661757417633,-8.06
-0.02050490621180237,-8.05
-0.01781540389787855,-8.04
-0.01502776233106112,-8.03
-0.01215212192917259,-8.02
-0.009199076265935588,-8.01
-0.006179634341539546,-8.0
-0.003105180815863211,-7.99
1.2565657389639452e-5,-7.98
0.003161595848423544,-7.97
0.0063296549652617235,-7.96
0.009504289100203463,-7.95
0.012672892937833179,-7.94
0.015822758546844687,-7.93
0.01894112507181204,-7.92
0.022015229135620658,-7.91
0.02503235575851091,-7.9
0.027979889595696368,-7.89
0.030845366292235592,-7.88
0.03361652375136393,-7.87
0.03628135311077643,-7.86
0.038828149220457214,-7.85
0.041245560415565374,-7.84
0.043522637378633273,-7.83
0.04564888088688297,-7.82
0.04761428824288252,-7.81
0.0494093981899821,-7.8
0.05102533411802383,-7.79
0.05245384536968675,-7.78
0.053687346463510054,-7.77
0.05471895405609535,-7.76
0.05554252147323796,-7.75
0.05615267064772116,-7.74
0.05654482131023539,-7.73
0.05671521728929883,-7.72
0.056660949786151694,-7.71
0.05637997750132016,-7.7
0.05587114350087513,-7.69
0.055134188722298756,-7.68
0.05416976203227715,-7.67
0.05297942676162089,-7.66
0.05156566365582543,-7.65
0.049931870193467585,-7.64
0.04808235623865942,-7.63
0.046022336008064005,-7.62
0.04375791634750298,-7.61
0.041296081327853035,-7.6
0.03864467318473203,-7.59
0.035812369641301,-7.58
0.032808657668349006,-7.57
0.02964380375059175,-7.56
0.026328820742752418,-7.55
0.022875431413434535,-7.54
0.01929602878902531,-7.53
0.015603633423745869,-7.52
0.011811847735510486,-7.51
0.007934807560372976,-7.5
0.003987131090979321,-7.49
-1.613462346545248e-5,-7.48
-0.004059569426670039,-7.47
-0.008127437854260035,-7.46
-0.012203748772209278,-7.45
-0.01627231663514015,-7.44
-0.020316824136261985,-7.43
-0.024320886012868286,-7.42
-0.028268113764341206,-7.41
-0.03214218103349795,-7.4
-0.035926889396991214,-7.39
-0.03960623430627363,-7.38
-0.043164470917438615,-7.37
-0.04658617954605997,-7.36
-0.04985633048201121,-7.35
-0.05296034789911558,-7.34
-0.05588417259544919,-7.33
-0.05861432330210884,-7.32
-0.06113795630135733,-7.31
-0.06344292309918241,-7.3
-0.0655178259025267,-7.29
-0.06735207065768631,-7.28
-0.0689359174136677,-7.27
-0.07026052778259527,-7.26
-0.07131800927856216,-7.25
-0.0721014563265697,-7.24
-0.07260498774440886,-7.23
-0.07282378051242774,-7.22
-0.07275409965908666,-7.21
-0.07239332410397804,-7.2
-0.07173996831453186,-7.19
-0.07079369964789033,-7.18
-0.06955535126537037,-7.17
-0.06802693052346805,-7.16
-0.06621162276245132,-7.15
-0.06411379043116529,-7.14
-0.06173896750467294,-7.13
-0.05909384916969781,-7.12
-0.05618627677148965,-7.11
-0.05302521803456715,-7.1
-0.04962074258878737,-7.09
-0.04598399285124673,-7.08
-0.042127150333567065,-7.07
-0.03806339746306346,-7.06
-0.03380687502510979,-7.05
-0.029372635352546864,-7.04
-0.02477659140624716,-7.03
-0.020035461908768346,-7.02
-0.015166712710440733,-7.01
-0.010188494584045249,-7.0
-0.005119577660483675,-6.99
2.0717266618608493e-5,-6.98
0.005212590324653099,-6.97
0.010435836777419666,-6.96
0.01566992360238881,-6.95
0.020894068147910973,-6.94
0.02608731857733506,-6.93
0.031228635796887984,-6.92
0.036296976555234964,-6.91
0.04127137739478976,-6.9
0.046131039128265786,-6.89
0.05085541150854554,-6.88
0.05542427775586977,-6.87
0.059817838603519365,-6.86
0.06401679552168639,-6.85
0.06800243277908984,-6.84
0.07175669800312114,-6.83
0.07526228090186048,-6.82
0.07850268981528744,-6.81
0.08146232576831587,-6.8
0.08412655370496686,-6.79
0.08648177059101794,-6.78
0.08851547008183631,-6.77
0.09021630346274746,-6.76
0.09157413658124604,-6.75
0.09258010250351663,-6.74
0.09322664964212299,-6.73
0.09350758511724666,-6.72
0.09341811313050018,-6.71
0.09295486814802122,-6.7
0.09211594270823206,-6.69
0.09090090968924909,-6.68
0.08931083889137953,-6.67
0.08734830781138396,-6.66
0.08501740650712794,-6.65
0.08232373647380774,-6.64
0.07927440347605881,-6.63
0.07587800430380355,-6.62
0.07214460744364502,-6.61
0.0680857276817937,-6.6
0.06371429467892259,-6.59
0.059044615581788494,-6.58
0.054092331760925906,-6.57
0.04887436978806088,-6.56
0.04340888679102669,-6.55
0.03771521034777143,-6.54
0.031813773104508086,-6.53
0.025726042325937303,-6.52
0.019474444607807305,-6.51
0.013082286003699881,-6.5
0.00657366783876744,-6.49
-2.6601496902200655e-5,-6.48
-0.006693098463634792,-6.47
-0.013399879666611903,-6.46
-0.020120580183021982,-6.45
-0.02682851455992307,-6.44
-0.03349678010652886,-6.43
-0.040098362091689155,-6.42
-0.04660624044584039,-6.41
-0.052993497556622284,-6.4
-0.059233426738910314,-6.39
-0.06529964095308644,-6.38
-0.0711661813400981,-6.37
-0.0768076251382443,-6.36
-0.08219919254474704,-6.35
-0.08731685208495067,-6.34
-0.09213742405359425,-6.33
-0.09663868159588102,-6.32
-0.10079944900118275,-6.31
-0.10459969678901454,-6.3
-0.10802063317552356,-6.29
-0.11104479151902538,-6.28
-0.1136561133551413,-6.27
-0.11584002664578213,-6.26
-0.11758351888155455,-6.25
-0.11887520469407178,-6.24
-0.11970538765312903,-6.23
-0.12006611594363713,-6.22
-0.1199512316385731,-6.21
-0.1193564133069169,-6.2
-0.11827921171952191,-6.19
-0.11671907844103296,-6.18
-0.1146773871222352,-6.17
-0.11215744733448159,-6.16
-0.1091645108160263,-6.15
-0.10570577002907257,-6.14
-0.10179034895601831,-6.13
-0.0974292860936259,-6.12
-0.09263550963459953,-6.11
-0.08742380485710292,-6.1
-0.08181077377406949,-6.09
-0.07581478712557313,-6.08
-0.06945592882893406,-6.07
-0.06275593303246606,-6.06
-0.055738113949799474,-6.05
-0.048427288682262606,-6.04
-0.040849693266925724,-6.03
-0.03303289221728859,-6.02
-0.025005681852301665,-6.01
-0.01679798773712849,-6.0
-0.008440756585840665,-5.99
3.4156998144834834e-5,-5.98
0.008594108543701217,-5.97
0.017205786072486448,-5.96
0.02583533635350438,-5.95
0.03444849458691882,-5.94
0.04301071703398288,-5.93
0.05148731609327663,-5.92
0.05984359730871971,-5.91
0.06804499778188228,-5.9
0.07605722545027166,-5.89
0.08384639868434712,-5.88
0.09137918564929443,-5.87
0.09862294287292961,-5.86
0.10554585245866505,-5.85
0.11211705738224102,-5.84
0.11830679431295121,-5.83
0.12408652340430537,-5.82
0.12942905450563869,-5.81
0.13430866925492552,-5.8
0.1387012385240755,-5.79
0.1425843347012201,-5.78
0.14593733830994435,-5.77
0.14874153848296937,-5.76
0.15098022682749904,-5.75
0.15263878424114602,-5.74
0.15370476026107666,-5.73
0.1541679445546073,-5.72
0.1540204301869266,-5.71
0.1532566683307684,-5.7
0.15187351411365657,-5.69
0.14987026333065637,-5.68
0.14724867978428974,-5.67
0.14401301304829092,-5.66
0.14017000648806135,-5.65
0.13572889540787883,-5.64
0.13070139523304236,-5.63
0.12510167967395683,-5.62
0.11894634885864837,-5.61
0.11225438746006983,-5.6
0.10504711288479571,-5.59
0.09734811363000695,-5.58
0.08918317795600667,-5.57
0.08058021306163972,-5.56
0.07156915498977956,-5.55
0.062181869529300375,-5.54
0.05245204441863017,-5.53
0.04241507319370467,-5.52
0.03210793105996336,-5.51
0.021569043203681394,-5.5
0.010838145992293262,-5.49
-4.385845377507877e-5,-5.48
-0.011035053803884993,-5.47
-0.022092666631165145,-5.46
-0.033173228526575775,-5.45
-0.04423274261623322,-5.44
-0.05522685386159901,-5.43
-0.06611102250080356,-5.42
-0.07684069997042164,-5.41
-0.08737150663039842,-5.4
-0.0976594106008991,-5.39
-0.10766090700843477,-5.38
-0.11733319692992225,-5.37
-0.1266343653173852,-5.36
-0.1355235571828998,-5.35
-0.14396115132303502,-5.34
-0.1519089308646784,-5.33
-0.15933024991954603,-5.32
-0.16619019564310278,-5.31
-0.1724557450048321,-5.3
-0.17809591559098162,-5.29
-0.1830819097778783,-5.28
-0.18738725163372638,-5.27
-0.19098791592937062,-5.26
-0.1938624486637891,-5.25
-0.1959920785379479,-5.24
-0.19736081884111834,-5.23
-0.1979555592466223,-5.22
-0.1977661470491937,-5.21
-0.19678545741358977,-5.2
-0.19500945224361965,-5.19
-0.19243722732224783,-5.18
-0.18907104741674216,-5.17
-0.18491636908778922,-5.16
-0.17998185098795677,-5.15
-0.17427935148266807,-5.14
-0.16782391347577602,-5.13
-0.16063373637168926,-5.12
-0.15273013515671097,-5.11
-0.14413748663344284,-5.1
-0.13488316289374463,-5.09
-0.1249974521675353,-5.08
-0.11451346723649786,-5.07
-0.10346704165325961,-5.06
-0.09189661405774129,-5.05
-0.07984310093278199,-5.04
-0.0673497581907563,-5.03
-0.05446203203138772,-5.02
-0.04122739955825075,-5.01
-0.027695199687163708,-5.0
-0.013916454923876961,-4.99
5.6315369383802556e-5,-4.98
0.014169289558705844,-4.97
0.028367545476824366,-4.96
0.04259526858171411,-4.95
0.056795965769051236,-4.94
0.07091268404199187,-4.93
0.0848882332142469,-4.92
0.09866541179809912,-4.91
0.11218723520773233,-4.9
0.1253971653902987,-4.89
0.1382393409824856,-4.88
0.15065880707924761,-4.87
0.16260174369364322,-4.86
0.1740156919827778,-4.85
0.18484977731440758,-4.84
0.19505492825210805,-4.83
0.20458409054390703,-4.82
0.2133924352100527,-4.81
0.22143755984002406,-4.8
0.22867968222709498,-4.79
0.23508182549052795,-4.78
0.24060999386096593,-4.77
0.24523333833353345,-4.76
0.24892431142562782,-4.75
0.25165881031218507,-4.74
0.2534163076503008,-4.73
0.2541799694472991,-4.72
0.25393675937157,-4.71
0.25267752895357243,-4.7
0.25039709317516196,-4.69
0.2470942909986826,-4.68
0.2427720304428705,-4.67
0.2374373178703327,-4.66
0.23110127121104174,-4.65
0.22377911690760274,-4.64
0.21549017043090077,-4.63
0.20625780027876653,-4.62
0.19610937543537152,-4.61
0.18507619633483022,-4.6
0.173193409438801,-4.59
0.1604999056043256,-4.58
0.14703820248470223,-4.57
0.13285431127227462,-4.56
0.11799758815768384,-4.55
0.10252057094485684,-4.54
0.08647880132470452,-4.53
0.06993063337276377,-4.52
0.05293702889673497,-4.51
0.03556134031856062,-4.5
0.01786908183244732,-4.49
-7.23103656389198e-5,-4.48
-0.018193727929786494,-4.47
-0.036424649401287826,-4.46
-0.054693407489561696,-4.45
-0.07292746361278869,-4.44
-0.09105368867546472,-4.43
-0.10899864902480955,-4.42
-0.12668889649672177,-4.41
-0.14405126143465413,-4.4
-0.16101314754173987,-4.39
-0.17750282740767484,-4.38
-0.19344973753760894,-4.37
-0.2087847717003835,-4.36
-0.22344057140839196,-4.35
-0.23735181234076835,-4.34
-0.25045548552591057,-4.33
-0.2626911721083229,-4.32
-0.2740013105385998,-4.31
-0.28433145504390356,-4.3
-0.29363052425966596,-4.29
-0.3018510389311901,-4.28
-0.3089493476265617,-4.27
-0.31488583943944115,-4.26
-0.3196251427020007,-4.25
-0.3231363087742447,-4.24
-0.3253929800261464,-4.23
-0.3263735411832457,-4.22
-0.3260612532644148,-4.21
-0.3244443694022397,-4.2
-0.3215162319016366,-4.19
-0.3172753499607455,-4.18
-0.3117254575495358,-4.17
-0.30487555101567376,-4.16
-0.29673990606382467,-4.15
-0.2873380738332995,-4.14
-0.27669485587964976,-4.13
-0.26484025794804017,-4.12
-0.25180942250977567,-4.11
-0.23764254011781266,-4.1
-0.22238473972222708,-4.09
-0.20608595817193737,-4.08
-0.1888007892144363,-4.07
-0.17058831239014538,-4.06
-0.15151190230231854,-4.05
-0.131639018826535,-4.04
-0.11104097890561015,-4.03
-0.08979271065570073,-4.02
-0.06797249058734116,-4.01
-0.04566166482051443,-4.0
-0.02294435524573557,-3.99
9.284834737163175e-5,-3.98
0.02336120908614614,-3.97
0.04677017562519345,-3.96
0.07022772534185684,-3.95
0.09364071685339237,-3.94
0.11691525054246812,-3.93
0.13995703573248192,-3.92
0.16267176311391326,-3.91
0.18496548098802773,-3.9
0.20674497386448612,-3.89
0.22791814192539187,-3.88
0.24839437984986248,-3.87
0.26808495348064093,-3.86
0.28690337280760647,-3.85
0.3047657597424457,-3.84
0.3215912091641379,-3.83
0.33730214172658124,-3.82
0.3518246469373121,-3.81
0.3650888150401801,-3.8
0.3770290562647576,-3.79
0.38758440604124955,-3.78
0.39669881482160124,-3.77
0.4043214211952977,-3.76
0.4104068070418155,-3.75
0.4149152335207882,-3.74
0.4178128567653386,-3.73
0.4190719222136708,-3.72
0.4186709365885676,-3.71
0.41659481661370235,-3.7
0.41283501363937125,-3.69
0.4073896134380956,-3.68
0.4002634105222196,-3.67
0.39146795643080523,-3.66
0.3810215815314831,-3.65
0.3689493899840562,-3.64
0.35528322761622194,-3.63
0.3400616225674213,-3.62
0.3233296986640133,-3.61
0.30513906159750886,-3.6
0.28554765808682764,-3.59
0.26461960831521436,-3.58
0.2424250120420398,-3.57
0.2190397288988164,-3.56
0.19454513348688698,-3.55
0.16902784600110712,-3.54
0.14257943920868935,-3.53
0.11529612271520956,-3.52
0.08727840554971437,-3.51
0.05863073819781709,-3.5
0.02946113530503724,-3.49
-0.00011921963792257891,-3.48
-0.02999638623116819,-3.47
-0.060054094245697826,-3.46
-0.09017418429510995,-3.45
-0.1202370604766159,-3.44
-0.15012215329494427,-3.43
-0.17970839112478115,-3.42
-0.20887467841567206,-3.41
-0.23750037879850083,-3.4
-0.26546580121444296,-3.39
-0.29265268715644704,-3.38
-0.31894469708961276,-3.37
-0.34422789410069377,-3.36
-0.36839122281840536,-3.35
-0.39132698164544993,-3.34
-0.41293128635009674,-3.33
-0.4331045230801411,-3.32
-0.45175178888469963,-3.31
-0.468783317860001,-3.3
-0.4841148910737412,-3.29
-0.49766822846878617,-3.28
-0.5093713610008398,-3.27
-0.519158981326072,-3.26
-0.5269727714233524,-3.25
-0.5327617056116216,-3.24
-0.5364823275056096,-3.23
-0.5380989995425415,-3.22
-0.5375841238081824,-3.21
-0.5349183329923624,-3.2
-0.5300906504115831,-3.19
-0.5230986181491086,-3.18
-0.5139483924806495,-3.17
-0.5026548058759633,-3.16
-0.48924139499298486,-3.15
-0.4737403942109659,-3.14
-0.45619269438208504,-3.13
-0.4366477666166426,-3.12
-0.41516355105458164,-3.11
-0.39180631071544775,-3.1
-0.36665045065914764,-3.09
-0.33977830283069016,-3.08
-0.31127987710281096,-3.07
-0.28125257917047275,-3.06
-0.24980089609007236,-3.05
-0.21703605039340298,-3.04
-0.18307562384104192,-3.03
-0.148043152011878,-3.02
-0.11206769105381378,-3.01
-0.07528335804516204,-3.0
-0.03782884653614445,-2.99
0.00015308104526080097,-2.98
0.03851612232960209,-2.97
0.07711098338763693,-2.96
0.11578594456400565,-2.95
0.15438744167979584,-2.94
0.1927606604386017,-2.93
0.23075014179628067,-2.92
0.2682003959882012,-2.91
0.3049565228502413,-2.9
0.34086483602072015,-2.89
0.3757734885708442,-2.88
0.40953309758083545,-2.87
0.44199736515818694,-2.86
0.47302369338350947,-2.85
0.5024737906684549,-2.84
0.5302142670190879,-2.83
0.5561172157173238,-2.82
0.580060778962109,-2.81
0.6019296950514496,-2.8
0.6216158247357011,-2.79
0.6390186544318833,-2.78
0.6540457740579053,-2.77
0.6666133273243928,-2.76
0.6766464324099642,-2.75
0.6840795710432344,-2.74
0.6888569441209997,-2.73
0.6909327921068686,-2.72
0.6902716785775159,-2.71
0.6868487354144304,-2.7
0.6806498682770088,-2.69
0.6716719211376911,-2.68
0.6599227988109609,-2.67
0.6454215465649799,-2.66
0.6281983860667593,-2.65
0.6082947070785504,-2.64
0.5857630144938604,-2.63
0.5606668304757063,-2.62
0.5330805516364218,-2.61
0.5030892613772896,-2.6
0.4707884976863603,-2.59
0.4362839768736305,-2.58
0.3996912739034459,-2.57
0.3611354601638684,-2.56
0.3207506996910265,-2.55
0.2786798050426523,-2.54
0.2350737541878621,-2.53
0.19009116994981842,-2.52
0.14389776370260504,-2.51
0.0966657451835917,-2.5
0.04857320043639097,-2.49
-0.00019655995292791465,-2.48
-0.04945568002346325,-2.47
-0.09901246257551335,-2.46
-0.14867209571538098,-2.45
-0.19823739913425276,-2.44
-0.24750958734068104,-2.43
-0.2962890469707246,-2.42
-0.34437612521456584,-2.41
-0.39157192632442583,-2.4
-0.43767911310570373,-2.39
-0.4825027102423855,-2.38
-0.5258509062686536,-2.37
-0.5675358509721237,-2.36
-0.6073744449999362,-2.35
-0.6451891184377319,-2.34
-0.680808595142969,-2.33
-0.7140686396386632,-2.32
-0.7448127834110377,-2.31
-0.7728930275051635,-2.3
-0.7981705183759527,-2.29
-0.8205161940281384,-2.28
-0.8398113975675585,-2.27
-0.8559484553873054,-2.26
-0.8688312173254779,-2.25
-0.8783755562563605,-2.24
-0.884509824713211,-2.23
-0.8871752662882465,-2.22
-0.8863263797132415,-2.21
-0.8819312336919624,-2.2
-0.8739717307328426,-2.19
-0.8624438184162798,-2.18
-0.847357646724984,-2.17
-0.8287376702673447,-2.16
-0.8066226944319382,-2.15
-0.7810658647254826,-2.14
-0.7521345987657466,-2.13
-0.7199104606245652,-2.12
-0.6844889774430877,-2.11
-0.6459793984711023,-2.1
-0.6045043969135234,-2.09
-0.5601997151993486,-2.08
-0.5132137545203277,-2.07
-0.46370710971762896,-2.06
-0.411852050823655,-2.05
-0.3578319527923503,-2.04
-0.3018406751734215,-2.03
-0.24408189370347594,-2.02
-0.18476838599867174,-2.01
-0.1241212737387925,-2.0
-0.06236922393019246,-1.99
0.0002523879754622441,-1.98
0.06350235014970466,-1.97
0.1271345185158028,-1.96
0.19089874965078354,-1.95
0.2545418590264529,-1.94
0.31780860101933067,-1.93
0.3804426669965984,-1.92
0.44218769767594446,-1.91
0.5027883058619423,-1.9
0.561991105581074,-1.89
0.6195457435719436,-1.88
0.6752059290372343,-1.87
0.7287304575297114,-1.86
0.7798842248265287,-1.85
0.8284392266444038,-1.84
0.8741755400630464,-1.83
0.916882282555682,-1.82
0.9563585445737144,-1.81
0.9924142916973665,-1.8
1.0248712324455533,-1.79
1.0535636479360193,-1.78
1.0783391797007988,-1.77
1.099059572091913,-1.76
1.1156013658576645,-1.75
1.1278565396304001,-1.74
1.135733096241782,-1.73
1.1391555909708235,-1.72
1.1380655990326325,-1.71
1.1324221198312556,-1.7
1.122201915727545,-1.69
1.10739978331173,-1.68
1.0880287554195918,-1.67
1.0641202323898549,-1.66
1.0357240413277582,-1.65
1.0029084224147078,-1.64
0.9657599415854554,-1.63
0.9243833291813213,-1.62
0.878901244479528,-1.61
0.8294539662935541,-1.6
0.7761990101364603,-1.59
0.7193106727371977,-1.58
0.6589795049978461,-1.57
0.5954117147762468,-1.56
0.5288285011725467,-1.55
0.45946532228838594,-1.54
0.38757109871286405,-1.53
0.3134073552685389,-1.52
0.23724730382266823,-1.51
0.1593748702322664,-1.5
0.08008366874545658,-1.49
-0.000324072575359751,-1.48
-0.08153863161162522,-1.47
-0.16324395311264894,-1.46
-0.24511884656551605,-1.45
-0.3268382166009134,-1.44
-0.408074321350794,-1.43
-0.4884980540161027,-1.42
-0.5677802427625473,-1.41
-0.6455929639401039,-1.4
-0.721610863518543,-1.39
-0.7955124815470814,-1.38
-0.8669815743820684,-1.37
-0.9357084293826362,-1.36
-1.0013911667510798,-1.35
-1.0637370231925505,-1.34
-1.1224636120876843,-1.33
-1.1773001549121669,-1.32
-1.2279886786991456,-1.31
-1.2742851744235806,-1.3
-1.3159607112921805,-1.29
-1.352802502048104,-1.28
-1.3846149145460354,-1.27
-1.411220425019969,-1.26
-1.432460508652801,-1.25
-1.4481964632629187,-1.24
-1.4583101621479129,-1.23
-1.462704732368482,-1.22
-1.46130515501586,-1.21
-1.4540587842827437,-1.2
-1.4409357824498423,-1.19
-1.4219294682067591,-1.18
-1.3970565760458864,-1.17
-1.3663574248002395,-1.16
-1.3298959937393857,-1.15
-1.2877599049906914,-1.14
-1.2400603114145932,-1.13
-1.186931689431248,-1.12
-1.1285315366701996,-1.11
-1.0650399746933816,-1.1
-0.9966592574230813,-1.09
-0.9236131862893201,-1.08
-0.8461464334935398,-1.07
-0.7645237751663345,-1.06
-0.6790292365744333,-1.05
-0.5899651519049124,-1.04
-0.4976511415209098,-1.03
-0.4024230099416903,-1.02
-0.30463156814894504,-1.01
-0.2046413841595408,-1.0
-0.10282946613076815,-0.99
0.0004161174236146321,-0.98
0.10469767543126365,-0.97
0.20960938491722292,-0.96
0.31473882909930506,-0.95
0.4196685772604673,-0.94
0.5239778005120175,-0.93
0.6272439173591755,-0.92
0.7290442628002454,-0.91
0.828957774533866,-0.9
0.9265666897157951,-0.89
1.0214582455987888,-0.88
1.1132263773065307,-0.87
1.2014734059362737,-0.86
1.2858117101549786,-0.85
1.3658653744509934,-0.84
1.4412718072277175,-0.83
1.5116833219776395,-0.82
1.5767686748544987,-0.81
1.6362145520682496,-0.8
1.6897270006616385,-0.79
1.7370327963885366,-0.78
1.7778807426020344,-0.77
1.8120428942745173,-0.76
1.839315701511647,-0.75
1.8595210671868827,-0.74
1.872507313611942,-0.73
1.8781500534705717,-0.72
1.8763529605771845,-0.71
1.8670484363771207,-0.7
1.8501981684804356,-0.69
1.825793577914763,-0.68
1.7938561521936693,-0.67
1.754437661723518,-0.66
1.7076202575125738,-0.65
1.6535164485994398,-0.64
1.5922689580820546,-0.63
1.5240504571018423,-0.62
1.44906317661821,-0.61
1.3675383972947701,-0.6
1.2797358183083662,-0.59
1.1859428063834356,-0.58
1.0864735268453884,-0.57
0.981667958975638,-0.56
0.8718907984356467,-0.55
0.7575302500059521,-0.54
0.6389967143565174,-0.53
0.5167213730251142,-0.52
0.39115467622869043,-0.51
0.2627647385670108,-0.5
0.13203564809633692,-0.49
-0.0005343053482475454,-0.48
-0.13443447632186697,-0.47
-0.26914377780999726,-0.46
-0.4041326561820468,-0.45
-0.5388651197876221,-0.44
-0.6728008136375712,-0.43
-0.8053971323519674,-0.42
-0.936111363325894,-0.41
-1.0644028518623898,-0.4
-1.1897351798513058,-0.39
-1.311578349434114,-0.38
-1.4294109629888025,-0.37
-1.5427223906965628,-0.36
-1.6510149169137236,-0.35
-1.7538058565687937,-0.34
-1.8506296328358633,-0.33
-1.9410398074022464,-0.32
-2.024611054750226,-0.31
-2.1009410720099804,-0.3
-2.1696524161130886,-0.29
-2.230394260183063,-0.28
-2.2828440613406884,-0.27
-2.326709132376898,-0.26
-2.3617281100537983,-0.25
-2.3876723131342708,-0.24
-2.4043469836114166,-0.23
-2.4115924050096544,-0.22
-2.4092848920583965,-0.21
-2.397337646495328,-0.2
-2.375701474237988,-0.19
-2.3443653596678056,-0.18
-2.303356893298345,-0.17
-2.252742549647206,-0.16
-2.192627812697011,-0.15
-2.12315714691293,-0.14
-2.0445138123802664,-0.13
-1.9569195232333356,-0.12
-1.860633949164059,-0.11
-1.7559540604229038,-0.1
-1.6432133173536287,-0.09
-1.5227807061343213,-0.08
-1.395059623027851,-0.07
-1.2604866100726975,-0.06
-1.1195299457675378,-0.05
-0.972688094917461,-0.04
-0.8204880224137248,-0.03
-0.6634833763100342,-0.02
-0.5022525461339029,-0.01
-0.33739660292935186,0.0
-0.16785020545460483,0.01
0.0006724767166089643,0.02
0.1675156727333775,0.03
0.33203677365806605,0.04
0.4936087409233471,0.05
0.6516224292947078,0.06
0.8054888160093809,0.07
0.9546411282162964,0.08
1.0985368613218998,0.09
1.2366596813513642,0.1
1.3685212049616473,0.11
1.4936626512896272,0.12
1.6116563603829186,0.13
1.7221071735404563,0.14
1.8246536714821289,0.15
1.918969266869163,0.16
2.004763148307148,0.17
2.0817810735790183,0.18
2.149806010473538,0.19
2.208658624193351,0.2
2.2581976109430486,0.21
2.2983198779095373,0.22
2.328960570451892,0.23
2.3500929479135455,0.24
2.3617281100537983,0.25
2.363914576666076,0.26
2.3567377235050095,0.27
2.3403190781811247,0.28
2.3148154801989524,0.29
2.2804181098096477,0.3
2.2373513908211504,0.31
2.1858717729558474,0.32
2.12626639976604,0.33
2.05885166851,0.34
1.983971688754597,0.35
1.9019966468033889,0.36
1.8133210833505664,0.37
1.7183620920304359,0.38
1.6175574467683786,0.39
1.5113636660419612,0.4
1.400254022329459,0.41
1.2847165051573244,0.42
1.165251746257803,0.43
1.0423709154129228,0.44
0.9165935955916088,0.45
0.7884456459828482,0.46
0.6584570614900743,0.47
0.5271598371806873,0.48
0.3950858460805429,0.49
0.2627647385670113,0.5
0.13072187144674252,0.51
-0.0005237253934923914,0.52
-0.13046133710148797,0.53
-0.2585904993334051,0.54
-0.38442287396199365,0.55
-0.5074840582016105,0.56
-0.6273153206633637,0.57
-0.7434752582070205,0.58
-0.8555413678302985,0.59
-0.9631115282292761,0.6
-1.0658053860739536,0.61
-1.1632656424688725,0.62
-1.2551592355082268,0.63
-1.3411784152861914,0.64
-1.4210417081843958,0.65
-1.4944947677276645,0.66
-1.5613111097743018,0.67
-1.6212927302865694,0.68
-1.6742706044084033,0.69
-1.7201050660591937,0.7
-1.758686067732422,0.71
-1.7899333206645236,0.72
-1.8137963160103594,0.73
-1.8302542281256557,0.74
-1.839315701511647,0.75
-1.8410185234214487,0.76
-1.8354291845596218,0.77
-1.8226423307244082,0.78
-1.8027801086447544,0.79
-1.7759914096499665,0.8
-1.7424510151774084,0.81
-1.7023586484716946,0.82
-1.6559379371562089,0.83
-1.603435291663457,0.84
-1.545118704793578,0.85
-1.4812764779296657,0.86
-1.4122158796733097,0.87
-1.338261742873521,0.88
-1.2597550062061948,0.89
-1.1770512066191487,0.9
-1.0905189290890662,0.91
-1.0005382202412823,0.92
-0.9074989724608977,0.93
-0.8117992851744424,0.94
-0.7138438100049798,0.95
-0.6140420865006825,0.96
-0.5128068751073656,0.97
-0.4105524940001137,0.98
-0.30769316630795485,0.99
-0.2046413841595416,1.0
-0.1018062958472835,1.01
0.0004078777465660874,1.02
0.10160339149518045,1.03
0.2013904833756813,1.04
0.2993888352721598,1.05
0.39522898192366845,1.06
0.48855366296531744,1.07
0.5790191132858435,1.08
0.6662962872162175,1.09
0.7500720123700587,1.1
0.8300500692761165,1.11
0.9059521932748198,1.12
0.9775189954931117,1.13
1.0445108000633505,1.14
1.1067083951111332,1.15
1.1639136954024212,1.16
1.2159503149103097,1.17
1.2626640479351559,1.18
1.3039232577866988,1.19
1.3396191724119908,1.2
1.36966608672678,1.21
1.394001471779131,1.22
1.4125859912408971,1.23
1.4254034260840103,1.24
1.432460508652801,1.25
1.4337866676895858,1.26
1.4294336862071435,1.27
1.4194752744272596,1.28
1.404006560318087,1.29
1.383143500563482,1.3
1.357022215083731,1.31
1.3257982484981332,1.32
1.2896457621749018,1.33
1.2487566607518263,1.34
1.2033396572315134,1.35
1.153619280956875,1.36
1.0998348329554457,1.37
1.0422392933044025,1.38
0.981098185311509,1.39
0.916688401430135,1.4
0.8492969959287556,1.41
0.7792199494167816,1.42
0.7067609103890446,1.43
0.6322299189906616,1.44
0.5559421182225536,1.45
0.47821645780553107,1.46
0.39937439589801765,1.47
0.3197386038192058,1.48
0.2396316788663554,1.49
0.15937487023226735,1.5
0.07928682292746367,1.51
-0.0003176555084217968,1.52
-0.07912880085915802,1.53
-0.15684306615610918,1.54
-0.23316425935279372,1.55
-0.3078046406146659,1.56
-0.38048597528979344,1.57
-0.45094053884032537,1.58
-0.5189120702415597,1.59
-0.5841566705937452,1.6
-0.6464436439407141,1.61
-0.7055562775476862,1.62
-0.7612925591572085,1.63
-0.8134658290158762,1.64
-0.8619053647442488,1.65
-0.9064568974069382,1.66
-0.9469830574280702,1.67
-0.9833637492880086,1.68
-1.0154964542292988,1.69
-1.0432964604919255,1.7
-1.066697020889163,1.71
-1.0856494378242776,1.72
-1.1001230761341074,1.73
-1.1101053044268907,1.74
-1.1156013658576645,1.75
-1.1166341795539894,1.76
-1.113244074166768,1.77
-1.1054884552744473,1.78
-1.0934414086131157,1.79
-1.077193241338964,1.8
-1.056849963752502,1.81
-1.0325327141250433,1.82
-1.0043771294665325,1.83
-0.9725326652591549,1.84
-0.9371618673527786,1.85
-0.8984395993754853,1.86
-0.856552229154909,1.87
-0.8116967777732562,1.88
-0.7640800349905376,1.89
-0.7139176448662636,1.9
-0.6614331654895068,1.91
-0.6068571067906502,1.92
-0.5504259504552471,1.93
-0.4923811559910982,1.94
-0.4329681570141004,1.95
-0.37243535181658116,1.96
-0.3110330922640456,1.97
-0.24901267503255534,1.98
-0.18662533914983312,1.99
-0.12412127373879348,2.0
-0.0617486397831544,2.01
0.0002473903587056991,2.02
0.06162557207261168,2.03
0.1221495027416979,2.04
0.18158850776821805,2.05
0.2397184951437141,2.06
0.2963227755033766,2.07
0.3511928447674866,2.08
0.4041291266493291,2.09
0.4549416724947933,2.1
0.5034508161125593,2.11
0.5494877814550835,2.12
0.5928952412180676,2.13
0.633527824639395,2.14
0.6712525729962657,2.15
0.7059493415210004,2.16
0.7375111466803344,2.17
0.7658444579895345,2.18
0.7908694337600131,2.19
0.8125201004067372,2.2
0.8307444751684147,2.21
0.8455046323185783,2.22
0.8567767131681655,2.23
0.864550880379383,2.24
0.8688312173254779,2.25
0.8696355734409428,2.26
0.8669953567106802,2.27
0.8609552746441373,2.28
0.8515730252705945,2.29
0.8389189398740103,2.3
0.8230755793594343,2.31
0.8041372863074274,2.32
0.7822096949275454,2.33
0.7574092012663511,2.34
0.7298623961590042,2.35
0.6997054635359883,2.36
0.6670835468074007,2.37
0.632150086146348,2.38
0.595066129579856,2.39
0.5559996208703394,2.4
0.5151246672326248,2.41
0.4726207899810056,2.42
0.4286721612373675,2.43
0.3834668298554709,2.44
0.3371959397275631,2.45
0.29005294363822764,2.46
0.24223281581635792,2.47
0.19393126631005944,2.48
0.14534396027085528,2.49
0.09666574518359265,2.5
0.04808988901671484,2.51
-0.0001926678050842355,2.52
-0.047994043787373174,2.53
-0.09513012838701693,2.54
-0.14142127204665605,2.55
-0.18669295173462447,2.56
-0.2307764096039205,2.57
-0.2735092625139927,2.58
-0.3147360802964615,2.59
-0.3543089307907596,2.6
-0.39208788982639886,2.61
-0.42794151448538686,2.62
-0.46174727813994043,2.63
-0.4933919659266853,2.64
-0.5227720294881861,2.65
-0.5497938999852978,2.66
-0.5743742585585349,2.67
-0.5964402635931451,2.68
-0.6159297343195367,2.69
-0.6327912904580228,2.7
-0.6469844477934047,2.71
-0.6584796697402093,2.72
-0.6672583751327115,2.73
-0.6733129026445359,2.74
-0.6766464324099638,2.75
-0.6772728655825565,2.76
-0.6752166627255497,2.77
-0.6705126420823108,2.78
-0.6632057389232243,2.79
-0.6533507273073119,2.8
-0.6410119057320778,2.81
-0.626262748273139,2.82
-0.6091855229356176,2.83
-0.5898708790517215,2.84
-0.5684174056630038,2.85
-0.5449311629211686,2.86
-0.5195251886276538,2.87
-0.49231898210943126,2.88
-0.46343796769606205,2.89
-0.43301294012122454,2.9
-0.401179494220166,2.91
-0.36807744133303316,2.92
-0.3338502148525725,2.93
-0.298644267373351,2.94
-0.26260846190832443,2.95
-0.22589345963761678,2.96
-0.188651106643371,2.97
-0.15103382206430352,2.98
-0.11319399007364238,2.99
-0.0752833580451629,3.0
-0.03745244322403349,3.01
0.00015004983747217781,3.02
0.03737779888436944,3.03
0.07408741848149095,3.04
0.11013899741288985,3.05
0.1453966170048375,3.06
0.17972884851394047,3.07
0.2130092278231799,3.08
0.24511670579570874,3.09
0.2759360727490357,3.1
0.3053583556296141,3.11
0.3332811865899822,3.12
0.35960914179647535,3.13
0.3842540494248424,3.14
0.4071352659332269,3.15
0.42817991983643144,3.16
0.4473231223414443,3.17
0.4645081443416564,3.18
0.47968655940501737,3.19
0.49281835252947287,3.2
0.503871994576524,3.21
0.5128244824302751,3.22
0.5196613450643089,3.23
0.5243766158316452,3.24
0.5269727714233526,3.25
0.5274606380687094,3.26
0.5258592656735188,3.27
0.5221957707129802,3.28
0.5165051488108567,3.29
0.5088300580472065,3.3
0.49922057414223564,3.31
0.48773391876357075,3.32
0.47443416229802216,3.33
0.45939190251649886,3.34
0.4426839206417638,3.35
0.4243928164030175,3.36
0.4046066237285361,3.37
0.38341840878774197,3.38
0.3609258521467136,3.39
0.33723081684646106,3.4
0.3124389042508555,3.41
0.28665899954108537,3.42
0.26000280875574033,3.43
0.2325843892901518,3.44
0.20451967577538033,3.45
0.17592600325648483,3.46
0.14692162958114452,3.47
0.11762525889394684,3.48
0.08815556810832957,3.49
0.05863073819781788,3.5
0.02916799211081467,3.51
-0.0001168589309230118,3.52
-0.029109859040632347,3.53
-0.057699339529123976,3.54
-0.08577633743185799,3.55
-0.11323499917930051,3.56
-0.1399729679631787,3.57
-0.16589175343012777,3.58
-0.19089708241758108,3.59
-0.21489922953459717,3.6
-0.2378133264817399,3.61
-0.25955964909924506,3.62
-0.2800638812307309,3.63
-0.2992573545904255,3.64
-0.31707726392478175,3.65
-0.3334668568640642,3.66
-0.3483755979654627,3.67
-0.36175930655632715,3.68
-0.3735802680934555,3.69
-0.38380731886191316,3.7
-0.3924159039439476,3.71
-0.39938810849488615,3.72
-0.4047126624680233,3.73
-0.40838491903401847,3.74
-0.41040680704181526,3.75
-0.4107867579672537,3.76
-0.4095396078918903,3.77
-0.4066864751478448,3.78
-0.4022546143543078,3.79
-0.3962772476574327,3.8
-0.3887933740673295,3.81
-0.3798475578635539,3.82
-0.3694896971135257,3.83
-0.35777477341651176,3.84
-0.3447625840489253,3.85
-0.330517457744549,3.86
-0.3151079553956612,3.87
-0.2986065570078856,3.88
-0.2810893362825747,3.89
-0.2626356242358335,3.9
-0.24332766329253802,3.91
-0.2232502533170628,3.92
-0.2024903910597353,3.93
-0.1811369045093547,3.94
-0.1592800836473761,3.95
-0.13701130909877296,3.96
-0.11442268016792227,3.97
-0.09160664373558258,3.98
-0.06865562547487168,3.99
-0.04566166482051514,4.0
-0.02271605509652307,4.01
9.100982691039744e-5,4.02
0.022670781015943907,4.03
0.04493629080798458,4.04
0.06680267876092803,4.05
0.08818750603192789,4.06
0.10901105705855335,4.07
0.12919662747647187,4.08
0.14867079727285862,4.09
0.16736368824298473,4.1
0.1852092048887957,4.11
0.20214525797223112,4.12
0.21811397001251007,4.13
0.23306186209489962,4.14
0.2469400214387593,4.15
0.2597042492540933,4.16
0.27131518849847125,4.17
0.28173843122943537,4.18
0.29094460533120897,4.19
0.29890944047819434,4.2
0.3056138132812195,4.21
0.31104377164522423,4.22
0.3151905384490099,4.23
0.31805049473824587,4.24
0.3196251427020008,4.25
0.31992104878026084,4.26
0.3189497673249604,4.27
0.3167277453096908,4.28
0.31327620865322087,4.29
0.30862103078898967,4.3
0.30279258417661026,4.31
0.29582557551189614,4.32
0.28775886544883,4.33
0.2786352736999738,4.34
0.26850137043102473,4.35
0.25740725491022415,4.36
0.24540632241417032,4.37
0.2325550204279974,4.38
0.2189125952098914,4.39
0.20454082981731356,4.4
0.18950377471516375,4.41
0.17386747210421805,4.42
0.15769967512175778,4.43
0.1410695630750148,4.44
0.12404745387225538,4.45
0.1067045148157627,4.46
0.0891124729159078,4.47
0.07134332587581395,4.48
0.05346905488208719,4.49
0.035561340318561244,4.5
0.01769128149746538,4.51
-7.087852446498157e-5,4.52
-0.01765602200805743,4.53
-0.03499641846958273,4.54
-0.05202597853027821,4.55
-0.06868049875477963,4.56
-0.08489789660064291,4.57
-0.10061843464886085,4.58
-0.11578493333595236,4.59
-0.13034297146135493,4.6
-0.1442410737994263,4.61
-0.1574308852029447,4.62
-0.16986733064455573,4.63
-0.18150876070358754,4.64
-0.1923170820681752,4.65
-0.2022578726860591,4.66
-0.21130048126177522,4.67
-0.2194181108627934,4.68
-0.2265878864623464,4.69
-0.23279090631185323,4.7
-0.23801227710085182,4.71
-0.24224113292678381,4.72
-0.24547063816078665,4.73
-0.2476979743583936,4.74
-0.24892431142562765,4.75
-0.2491547633110923,4.76
-0.24839832855312152,4.77
-0.24666781606762767,4.78
-0.24397975661676924,4.79
-0.2403543004507693,4.8
-0.23581510166495834,4.81
-0.23038918986121373,4.82
-0.22410682974728785,4.83
-0.21700136934885486,4.84
-0.20910907754742733,4.85
-0.20046897169234332,4.86
-0.19112263606682953,4.87
-0.18111403201651097,4.88
-0.1704893005736569,4.89
-0.15929655843179874,4.9
-0.14758568814315667,4.91
-0.13540812342541067,4.92
-0.12281663047493115,4.93
-0.1098650861903625,4.94
-0.0966082542137265,4.95
-0.08310155969577035,4.96
-0.06940086368833838,4.97
-0.05556223805900236,4.98
-0.04164174181225746,4.99
-0.027695199687164246,5.0
-0.01377798388376272,5.01
5.52002503562418e-5,5.02
0.013750523765801046,5.03
0.02725523810880558,5.04
0.04051787281943674,5.05
0.053488426211957,5.06
0.06611854835369585,5.07
0.07836171569595178,5.08
0.09017339674991007,5.09
0.10151120824195699,5.1
0.11233506122605288,5.11
0.12260729667567835,5.12
0.13229281012422925,5.13
0.14135916497027368,5.14
0.14977669411270297,5.15
0.15751858963025936,5.16
0.1645609802700348,5.17
0.17088299655999223,5.18
0.17646682341136996,5.19
0.18129774012757335,5.2
0.1853641477867519,5.21
0.18865758401548352,5.22
0.19117272522065812,5.23
0.19290737639551755,5.24
0.1938624486637891,5.25
0.19404192477264914,5.26
0.19345281279079915,5.27
0.19210508831198167,5.28
0.1900116255067107,5.29
0.187188117405639,5.3
0.18365298583673234,5.31
0.17942728147509987,5.32
0.17453457449883777,5.33
0.16900083637645505,5.34
0.1628543133412756,5.35
0.15612539213551627,5.36
0.14884645863151835,5.37
0.14105174995967823,5.38
0.13277720079206015,5.39
0.12406028444726516,5.4
0.11493984949602207,5.41
0.1054559525579393,5.42
0.0956496879880683,5.43
0.08556301515726118,5.44
0.07523858403281157,5.45
0.06471955976552164,5.46
0.05404944698630918,5.47
0.04327191450955087,5.48
0.03243062113184338,5.49
0.021569043203683066,5.5
0.010730304637819621,5.51
-4.298999820316114e-5,5.52
-0.010708918676447195,5.53
-0.021226400781935953,5.54
-0.03155535108016491,5.55
-0.041656828219128576,5.56
-0.051493177233403416,5.57
-0.061028165546826024,5.58
-0.0702271120010379,5.59
-0.07905700846936103,5.6
-0.08748663364922465,5.61
-0.09548665866128588,5.62
-0.10302974411946685,5.63
-0.11009062837316948,5.64
-0.11664620666081896,5.65
-0.12267560095234886,5.66
-0.12816022029730145,5.67
-0.1330838115345098,5.68
-0.13743250025889794,5.69
-0.14119482198043037,5.7
-0.14436174344968578,5.71
-0.14692667416361774,5.72
-0.14888546810374323,5.73
-0.15023641579707941,5.74
-0.15098022682749895,5.75
-0.1511200029616218,5.76
-0.15066120208884026,5.77
-0.14961159320937273,5.78
-0.14798120273729687,5.79
-0.1457822524171736,5.8
-0.14302908918304888,5.81
-0.13973810731718128,5.82
-0.13592766329272915,5.83
-0.1316179837097058,5.84
-0.1268310667567416,5.85
-0.12159057765246997,5.86
-0.11592173853963167,5.87
-0.10985121332218975,5.88
-0.10340698795088528,5.89
-0.09661824667559096,5.9
-0.0895152447936118,5.91
-0.08212917843166365,5.92
-0.07449205190564273,5.93
-0.06663654320642594,5.94
-0.058595868161937806,5.95
-0.05040364382542441,5.96
-0.04209375163751446,5.97
-0.033700200905037586,5.98
-0.025256993132971226,5.99
-0.016797987737128883,6.0
-0.00835676965452914,6.01
3.34806442653144e-5,6.02
0.008340114251065525,6.03
0.01653113755075872,6.04
0.024575332131325973,6.05
0.03244237043732876,6.06
0.040102926752208765,6.07
0.047528783117279,6.08
0.054692929819251966,6.09
0.06156966010322065,6.1
0.06813465879429689,6.11
0.07436508453828172,6.12
0.08023964539988689,6.13
0.08573866758584704,6.14
0.09084415708975502,6.15
0.09553985408544474,6.16
0.09981127992614185,6.17
0.10364577663720374,6.18
0.10703253882109097,6.19
0.10996263792398661,6.2
0.11242903884416867,6.21
0.11442660889270279,6.22
0.11595211914714776,6.23
0.11700423826860654,6.24
0.11758351888155455,6.25
0.11769237664426407,6.26
0.11733506216526797,6.27
0.11651762594801993,6.28
0.11524787657165507,6.29
0.11353533234040812,6.3
0.11139116665774819,6.31
0.10882814740353669,6.32
0.10586057061344385,6.33
0.1025041887793981,6.34
0.09877613410793182,6.35
0.09469483708984829,6.36
0.09027994074966403,6.37
0.08555221095666507,6.38
0.08053344319120506,6.39
0.07524636616993671,6.4
0.06971454274209309,6.41
0.06396226847559111,6.42
0.05801446835671063,6.43
0.05189659203033569,6.44
0.04563450800926563,6.45
0.03925439728089307,6.46
0.03278264673770914,6.47
0.02624574285450659,6.48
0.019670166029987463,6.49
0.013082286003699472,6.5
0.0065082587508942915,6.51
-2.6074751971182684e-5,6.52
-0.006495287509634437,6.53
-0.012874462869592346,6.54
-0.019139287908116157,6.55
-0.025266143501283877,6.56
-0.03123219075807571,6.57
-0.037015453510168175,6.58
-0.042594896571702484,6.59
-0.04795049950182879,6.6
-0.05306332562330168,6.61
-0.05791558607158474,6.62
-0.06249069867080401,6.63
-0.0667733414553568,6.64
-0.07074950067896267,6.65
-0.0744065131762719,6.66
-0.07773310296583866,6.67
-0.080719412007098,6.68
-0.08335702504798603,6.69
-0.08563898852379828,6.7
-0.08755982349180384,6.71
-0.0891155326098422,6.72
-0.0903036011905876,6.73
-0.09112299238626406,6.74
-0.09157413658124594,6.75
-0.0916589150920876,6.76
-0.09138063829604268,6.77
-0.09074401832993897,6.78
-0.08975513652132162,6.79
-0.08842140573298196,6.8
-0.08675152782029173,6.81
-0.08475544641808475,6.82
-0.08244429529013574,6.83
-0.0798303424894945,6.84
-0.07692693059202356,6.85
-0.0737484132783928,6.86
-0.0703100885514782,6.87
-0.06662812888654097,6.88
-0.06271950862074681,6.89
-0.05860192889642416,6.9
-0.05429374047900726,6.91
-0.04981386477581356,6.92
-0.04518171338567723,6.93
-0.040417106511962946,6.94
-0.035540190572694655,6.95
-0.03057135534135529,6.96
-0.025531150950481408,6.97
-0.02044020508738075,6.98
-0.015319140707298512,6.99
-0.010188494584045527,7.0
-0.005068637011628093,7.01
2.0307037253826885e-5,7.02
0.005058534998777489,7.03
0.010026641764461955,7.04
0.014905692410270198,7.05
0.019677292343994637,7.06
0.024323654619424578,7.07
0.02882766417946189,7.08
0.033172938804887635,7.09
0.03734388656068901,7.1
0.04132575954780005,7.11
0.045104703784589764,7.12
0.04866780505950115,7.13
0.052003130613725974,7.14
0.055099766530687204,7.15
0.05794785072729352,7.16
0.060538601460365146,7.17
0.06286434128019142,7.18
0.06491851638187435,7.19
0.06669571132377702,7.2
0.06819165910101092,7.21
0.0694032465803705,7.22
0.0703285153213974,7.23
0.07096665782623209,7.24
0.07131800927856216,7.25
0.07138403484919321,7.26
0.07116731266252284,7.27
0.07067151253440238,7.28
0.0699013706074861,7.29
0.06886266002512081,7.3
0.06756215779908391,7.31
0.06600760803997083,7.32
0.06420768173172793,7.33
0.062171933243676654,7.34
0.059910753784347445,7.35
0.05743532201148604,7.36
0.054757552021711196,7.37
0.051890038951420456,7.38
0.0488460024276915,7.39
0.04563922811403011,7.4
0.042284007600926314,7.41
0.03879507689521686,7.42
0.03518755376527342,7.43
0.031476874200996915,7.44
0.027678728248521352,7.45
0.023808995479401893,7.46
0.019883680352948952,7.47
0.01591884772819203,7.48
0.011930558778825344,7.49
0.007934807560373654,7.5
0.00394745847376045,7.51
-1.5815136514909213e-5,7.52
-0.0039395910182417875,7.53
-0.007808756457739636,7.54
-0.011608564921339702,7.55
-0.01532469068622776,7.56
-0.018943281264766458,7.57
-0.022451007437084603,7.58
-0.02583511071802608,7.59
-0.029083448096394498,7.6
-0.032184533896847445,7.61
-0.03512757862764209,7.62
-0.03790252469070613,7.63
-0.04050007884413449,7.64
-0.04291174132115063,7.65
-0.04512983152372095,7.66
-0.04714751022338018,7.67
-0.048958798216281005,7.68
-0.05055859139403747,7.69
-0.051942672206462,7.7
-0.05310771750680552,7.71
-0.05405130278449028,7.72
-0.054771902804553636,7.73
-0.05526888868703001,7.74
-0.055542521473237905,7.75
-0.055593942239348146,7.76
-0.0554251588306603,7.77
-0.05503902930263319,7.78
-0.054439242166874686,7.79
-0.05363029355194399,7.8
-0.05261746139992042,7.81
-0.051406776830199695,7.82
-0.05000499281186919,7.83
-0.04841955029523857,7.84
-0.046658541961648016,7.85
-0.044730673758503516,7.86
-0.04264522439358176,7.87
-0.04041200296897207,7.88
-0.03804130494059376,7.89
-0.035543866593981,7.9
-0.03293081823099879,7.91
-0.03021363626531012,7.92
-0.02740409442676195,7.93
-0.02451421427637667,7.94
-0.021556215234369208,7.95
-0.01854246432350157,7.96
-0.015485425829218325,7.97
-0.012397611076310586,7.98
-0.009291528519428436,7.99
-0.006179634341539736,8.0
-0.0030742837505066704,8.01
1.2316840702359559e-5,8.02
0.0030681565699875995,8.03
0.006081465644101003,8.04
0.00904075945107476,8.05
0.01193488110676173,8.06
0.014753042282941824,8.07
0.01748486217274326,8.08
0.020120404457935302,8.09
0.022650212151888446,8.1
0.02506534020165283,8.11
0.02735738574260987,8.12
0.029518515909505303,8.13
0.03154149311826568,8.14
0.033419697743869776,8.15
0.03514714813055454,8.16
0.03671851788183544,8.17
0.03812915038907463,8.18
0.03937507056866351,8.19
0.04045299378921372,8.2
0.04136033198143513,8.21
0.04209519693459076,8.22
0.04265640079449721,8.23
0.04304345378894525,8.24
0.04325655921711802,8.25
0.04329660575003078,8.26
0.04316515709917523,8.27
0.042864439120380765,8.28
0.04239732442937588,8.29
0.04176731461460324,8.3
0.040978520141487396,8.31
0.040035638050536435,8.32
0.03894392755936375,8.33
0.03770918368589701,8.34
0.03633770901670141,8.35
0.034836283750434335,8.36
0.03321213415197735,8.37
0.031472899557719106,8.38
0.029626598076792413,8.39
0.027681591136778056,8.4
0.02564654702548385,8.41
0.02353040358285824,8.42
0.02134233019892505,8.43
0.019091689274822497,8.44
0.01678799730458263,8.45
0.014440885735216479,8.46
0.01206006176198926,8.47
0.009655269214445277,8.48
0.007236249686861296,8.49
0.004812704064285962,8.5
0.00239425459227816,8.51
-9.592365183823835e-6,8.52
-0.0023894827392921484,8.53
-0.004736250205847835,8.54
-0.007040950540057355,8.55
-0.009294894751810017,8.56
-0.011489680882640758,8.57
-0.013617224352028154,8.58
-0.015669786747553278,8.59
-0.017640002960624283,8.6
-0.019520906576998273,8.61
-0.02130595343913095,8.62
-0.02298904330542835,8.63
-0.024564539539746726,8.64
-0.026027286772935355,8.65
-0.02737262648680246,8.66
-0.028596410479594905,8.67
-0.029695012180858616,8.68
-0.030665335792367028,8.69
-0.03150482324062237,8.7
-0.032211458935235,8.71
-0.03278377233620425,8.72
-0.033220838341762156,8.73
-0.033522275516928414,8.74
-0.03368824219126609,8.75
-0.03371943046245786,8.76
-0.033617058150237876,8.77
-0.0333828587528691,8.78
-0.03301906946573033,8.79
-0.03252841732864272,8.8
-0.03191410357529769,8.81
-0.031179786264521146,8.82
-0.030329561279108512,8.83
-0.029367941783560086,8.84
-0.02829983623722796,8.85
-0.02713052506413586,8.86
-0.025865636085032583,8.87
-0.024511118821079387,8.88
-0.023073217781947788,8.89
-0.02155844485398513,8.9
-0.01997355090652452,8.91
-0.0183254967363161,8.92
-0.016621423471491228,8.93
-0.014868622557387802,8.94
-0.013074505447009489,8.95
-0.011246573118831177,8.96
-0.009392385544126643,8.97
-0.007519531224975318,8.98
-0.005635596922627684,8.99
-0.003748137693956949,9.0
-0.001864647351338647,9.01
7.470541516770232e-6,9.02
0.001860931028496222,9.03
0.0036885953691362886,9.04
0.005483497794163593,9.05
0.00723887131127603,9.06
0.008948172468641073,9.07
0.01060510498861843,9.08
0.012203642189556503,9.09
0.013738048119115996,9.1
0.015202897328430076,9.11
0.016593093222478157,9.12
0.017903884928330113,9.13
0.019130882629343166,9.14
0.02027007131998614,9.15
0.021317822942642894,9.16
0.022270906874539777,9.17
0.023126498739767645,9.18
0.02388218752824297,9.19
0.024535981010322856,9.2
0.02508630944263338,9.21
0.02553202756747056,9.22
0.02587241491485289,9.23
0.026107174422919217,9.24
0.026236429398857185,9.25
0.02626071884888397,9.26
0.026180991211962216,9.27
0.025998596537896556,9.28
0.025715277156199905,9.29
0.025333156887620424,9.3
0.02485472885546378,9.31
0.024282841958808074,9.32
0.023620686074381902,9.33
0.02287177605823199,9.34
0.022039934622345617,9.35
0.021129274165087437,9.36
0.020144177637663314,9.37
0.019089278531812817,9.38
0.017969440076557944,9.39
0.016789733734085384,9.4
0.0155554170867178,9.41
0.014271911208415524,9.42
0.012944777615358873,9.43
0.011579694890886703,9.44
0.010182435080402416,9.45
0.008758839951815613,9.46
0.007314797216674454,9.47
0.005856216806340579,9.48
0.004389007296417325,9.49
0.0029190525711132067,9.5
0.00145218881737448,9.51
-5.818063583143461e-6,9.52
-0.0014492945422348124,9.53
-0.0028726809619169773,9.54
-0.004270552376065005,9.55
-0.0056376386457748185,9.56
-0.0069688437256357275,9.57
-0.008259264069690566,9.58
-0.009504206093549763,9.59
-0.010699202633040248,9.6
-0.011840028344335445,9.61
-0.012922713995242743,9.62
-0.013943559602203755,9.63
-0.014899146372579648,9.64
-0.015786347416918377,9.65
-0.0166023372011078,9.66
-0.017344599713601954,9.67
-0.018010935328230854,9.68
-0.0185994663484538,9.69
-0.01910864122426459,9.7
-0.01953723743829448,9.71
-0.019884363062946744,9.72
-0.020149456995635747,9.73
-0.020332287884351253,9.74
-0.020432951760827597,9.75
-0.020451868403528837,9.76
-0.02038977645746174,9.77
-0.020247727342471357,9.78
-0.020027077986146686,9.79
-0.019729482421749527,9.8
-0.019356882295662618,9.81
-0.01891149633271892,9.82
-0.018395808811412433,9.83
-0.017812557104384917,9.84
-0.01716471834272537,9.85
-0.016455495265500462,9.86
-0.015688301318541712,9.87
-0.014866745068844027,9.88
-0.013994614002978061,9.89
-0.013075857779666033,9.9
-0.012114571008138187,9.91
-0.01111497562503952,9.92
-0.010081402943526628,9.93
-0.009018275448750572,9.94
-0.00793008841419109,9.95
-0.006821391413271048,9.96
-0.005696769800354537,9.97
-0.004560826234614031,9.98
-0.00341816231935586,9.99
-0.0022733604282095016,10.0
